id,category,source_type,expected_language,language,language_confidence,original_text,cleaned_text,translated_text,was_translated,cleaned_translated_text,topic,topic_name,topic_probability
0,unknown,csv,en,en,1.0,"No, it was Thatcher who oversaw the ruination of the UK. Before her we owned British Gas, Brit Oil, British Petrolium, British Telecom, British Steel, British Coal, British Airways, British Aerospace, Associated British Ports, BAA, National Express the list goes on and on.","no, thatcher who oversaw ruination uk. before owned british gas, brit oil, british petrolium, british telecom, british steel, british coal, british airways, british aerospace, associated british ports, baa, national express list goes on.","no, thatcher who oversaw ruination uk. before owned british gas, brit oil, british petrolium, british telecom, british steel, british coal, british airways, british aerospace, associated british ports, baa, national express list goes on.",False,"thatcher oversaw ruination owned british gas, brit oil, british petrolium, british telecom, british steel, british coal, british airways, british aerospace, associated british ports, baa, national express list goes",0,British / Petrolium / British Petrolium,0.39130213031249195
1,unknown,csv,en,so,1.0,"Dekedda Xamar waxaa taagan markabkii Turkiga ee qodi lahaa shidaalka Soomaaliya ka dib markii la sahmiyay goobaha qaar.
 
Sharikadda Mareykanka ee Chevron ee Shidaalka, Gaaska iyo Tamarta ee fadhigeesu yahay Houston iyo Sharikadda British Petrolium oo loo soo gaabiyo BP iyagana","dekedda xamar waxaa taagan markabkii turkiga ee qodi lahaa shidaalka soomaaliya ka dib markii la sahmiyay goobaha qaar. sharikadda mareykanka ee chevron ee shidaalka, gaaska iyo tamarta ee fadhigeesu yahay houston iyo sharikadda british petrolium oo loo soo gaabiyo bp iyagana","dekedda xamar waxaa taagan markabkii turkiga ee qodi lahaa shidaalka soomaaliya ka dib markii la sahmiyay goobaha qaar. sharikadda mareykanka ee chevron ee shidaalka, gaaska iyo tamarta ee fadhigeesu yahay houston iyo sharikadda british petrolium oo loo soo gaabiyo bp iyagana",False,"dekedda xamar waxaa taagan markabkii turkiga qodi lahaa shidaalka soomaaliya markii sahmiyay goobaha qaar. sharikadda mareykanka chevron shidaalka, gaaska tamarta fadhigeesu yahay houston sharikadda british petrolium gaabiyo iyagana",0,British / Petrolium / British Petrolium,1.0
2,unknown,csv,en,en,1.0,What ever happened to British Petrolium  i wonder.,what ever happened british petrolium wonder.,what ever happened british petrolium wonder.,False,ever happened british petrolium wonder.,2,Petrolium British / British Petrolium / Petrolium,0.3814062624593197
3,unknown,csv,en,en,1.0,British Petrolium.,british petrolium.,british petrolium.,False,british petrolium.,3,British Petrolium / Petrolium / British,1.0
4,unknown,csv,en,es,1.0,"Buen punto, por eso BP tiene acuerdos de extraccion de gas natural en las costas de Gaza y eso viene desde hace años ese estudios de British petrolium (BP)","buen punto, eso bp tiene acuerdos extraccion gas natural costas gaza eso viene desde hace años ese estudios british petrolium (bp)","Good point, that bp has agreements extracting natural gas gaza coasts that has been for years that British petrolium studies (bp)",True,"point, agreements extracting natural gaza coasts British petrolium studies (bp)",1,Develop / Needs / Industry,0.2898458964771769
5,unknown,csv,en,en,1.0,"@bp_plc
  British Petrolium",british petrolium,british petrolium,False,british petrolium,2,Petrolium British / British Petrolium / Petrolium,1.0
6,unknown,csv,en,en,1.0,"Giuseppe: “…[History confirms motive ~ use of force to steal property] …take control of Iran’s vast oil reserves…”

The evidence of prior theft in plain sight:

British Petroleum is the company created from stolen Persian Petrolium property of Iran.",giuseppe: “...[history confirms motive use force steal property] ...take control iran’s vast oil reserves...” evidence prior theft plain sight: british petroleum company created stolen persian petrolium property iran.,giuseppe: “...[history confirms motive use force steal property] ...take control iran’s vast oil reserves...” evidence prior theft plain sight: british petroleum company created stolen persian petrolium property iran.,False,giuseppe: “...[history confirms motive force steal property] ...take control iran’s vast reserves...” evidence prior theft plain sight: british petroleum company created stolen persian petrolium property iran.,0,British / Petrolium / British Petrolium,0.37917741347272915
7,unknown,csv,en,en,1.0,if i could only knowww which bPINK memeber i TRUELY AM!!!! TRUE ? TRUE bp? british petrolium,only knowww which bpink memeber truely am!!!! true true bp? british petrolium,only knowww which bpink memeber truely am!!!! true true bp? british petrolium,False,knowww bpink memeber truely am!!!! true true british petrolium,3,British Petrolium / Petrolium / British,0.4157158840822039
8,unknown,csv,en,en,1.0,"No kidding and British Petrolium, guess where they get their oil from?  Sanctioned Iran!! Starmer needs to go!","kidding british petrolium, guess where get oil from? sanctioned iran!! starmer needs go!","kidding british petrolium, guess where get oil from? sanctioned iran!! starmer needs go!",False,"kidding british petrolium, guess from? sanctioned iran!! starmer needs",0,British / Petrolium / British Petrolium,1.0
9,unknown,csv,en,en,1.0,"Actually the oil is mostly owned by the uk govt/bankers. History-John D'arcy. 
Check him out. 
British Petrolium as it now is.",actually oil mostly owned uk govt/bankers. history-john d'arcy. check him out. british petrolium now is.,actually oil mostly owned uk govt/bankers. history-john d'arcy. check him out. british petrolium now is.,False,actually mostly owned govt/bankers. history-john d'arcy. check out. british petrolium,0,British / Petrolium / British Petrolium,0.4078563841488096
10,unknown,csv,en,en,1.0,"British Petrolium is the only Iranian oil in this country.  China is the main terminal.  Unless China is somehow circumventing sanctions, no known fuel suppliers other than BP can justify higher gasoline costs.  It's a scam.","british petrolium only iranian oil country. china main terminal. unless china somehow circumventing sanctions, known fuel suppliers other than bp justify higher gasoline costs. it's scam.","british petrolium only iranian oil country. china main terminal. unless china somehow circumventing sanctions, known fuel suppliers other than bp justify higher gasoline costs. it's scam.",False,"british petrolium iranian country. china main terminal. unless china somehow circumventing sanctions, known fuel suppliers justify higher gasoline costs. it's scam.",0,British / Petrolium / British Petrolium,1.0
11,unknown,csv,en,id,1.0,Kalo inggris bilang lengserkan mossadeq biar minyak kembali ke british petrolium ya pasti di tolak amerika keenakan iggrisnya,kalo inggris bilang lengserkan mossadeq biar minyak kembali ke british petrolium ya pasti di tolak amerika keenakan iggrisnya,kalo inggris bilang lengserkan mossadeq biar minyak kembali ke british petrolium ya pasti di tolak amerika keenakan iggrisnya,False,kalo inggris bilang lengserkan mossadeq biar minyak kembali british petrolium pasti tolak amerika keenakan iggrisnya,0,British / Petrolium / British Petrolium,1.0
12,unknown,csv,en,id,1.0,Itu sebetulnya inggris british petrolium. Tapi amerika lebih fokus ke iran menghalangi komunisme di timur tengah. Yg sekarang soviet sudah tidak ada,itu sebetulnya inggris british petrolium. tapi amerika lebih fokus ke iran menghalangi komunisme di timur tengah. yg sekarang soviet sudah tidak ada,itu sebetulnya inggris british petrolium. tapi amerika lebih fokus ke iran menghalangi komunisme di timur tengah. yg sekarang soviet sudah tidak ada,False,sebetulnya inggris british petrolium. tapi amerika lebih fokus iran menghalangi komunisme timur tengah. sekarang soviet sudah tidak,0,British / Petrolium / British Petrolium,1.0
13,unknown,csv,en,en,1.0,"First it was Putins fault,  now Irans. Yet British Petrolium and ESB doubled their profits.","first putins fault, now irans. yet british petrolium esb doubled profits.","first putins fault, now irans. yet british petrolium esb doubled profits.",False,"putins fault, irans. british petrolium doubled profits.",0,British / Petrolium / British Petrolium,0.4570365156522443
14,unknown,csv,en,en,1.0,British Petrolium said what now?,british petrolium said what now?,british petrolium said what now?,False,british petrolium now?,2,Petrolium British / British Petrolium / Petrolium,1.0
15,unknown,csv,en,es,1.0,"La BP (British Persian, no British Petrolium), se engendra en el avtual Irán. No digo más.","bp (british persian, british petrolium), se engendra avtual irán. digo más.","bp (british persian, british petrolium), it breeds avtual will. I say more.",True,"(british persian, british petrolium), breeds avtual will. more.",1,Develop / Needs / Industry,0.3090229333582285
16,unknown,csv,en,en,1.0,British petrolium?,british petrolium?,british petrolium?,False,british petrolium?,2,Petrolium British / British Petrolium / Petrolium,0.3579903539198341
17,unknown,csv,en,en,1.0,You mean British Petrolium or Blood Pressure?,mean british petrolium blood pressure?,mean british petrolium blood pressure?,False,british petrolium blood pressure?,2,Petrolium British / British Petrolium / Petrolium,0.45933013576587783
18,unknown,csv,en,en,1.0,British Petrolium?,british petrolium?,british petrolium?,False,british petrolium?,2,Petrolium British / British Petrolium / Petrolium,0.43245528315105797
19,unknown,csv,en,en,1.0,"Daily reminder that ""carbon footprint"" was invented by British Petrolium PR to shift the blame from mega corps to the average joe.","daily reminder ""carbon footprint"" invented british petrolium pr shift blame mega corps average joe.","daily reminder ""carbon footprint"" invented british petrolium pr shift blame mega corps average joe.",False,"daily reminder ""carbon footprint"" invented british petrolium shift blame mega corps average joe.",-1,Outliers / Noise,0.2767870023010425
20,unknown,csv,en,ne,1.0,"संसारमा सबैभन्दा ठुलो जरिवाना 2016 मा US ले BP (British Petrolium) बिरुद्ध $20.8 Billion लगाएको थियो, त्यो भन्दा झन्डै दोब्बर $38 Billion जरिवाना ठोकिदियेछ India ले Apple बिरुद्ध! 

भैयाहरुले के देखे सोचेर जरिवाना ठोक्छन? कि जा, तं हामीलाई चाहिदैनस भनेका हुन कि नेपालको साटो पनि","संसारमा सबैभन्दा ठुलो जरिवाना 2016 मा us ले bp (british petrolium) बिरुद्ध $20.8 billion लगाएको थियो, त्यो भन्दा झन्डै दोब्बर $38 billion जरिवाना ठोकिदियेछ india ले apple बिरुद्ध! भैयाहरुले के देखे सोचेर जरिवाना ठोक्छन? कि जा, तं हामीलाई चाहिदैनस भनेका हुन कि नेपालको साटो पनि","संसारमा सबैभन्दा ठुलो जरिवाना 2016 मा us ले bp (british petrolium) बिरुद्ध $20.8 billion लगाएको थियो, त्यो भन्दा झन्डै दोब्बर $38 billion जरिवाना ठोकिदियेछ india ले apple बिरुद्ध! भैयाहरुले के देखे सोचेर जरिवाना ठोक्छन? कि जा, तं हामीलाई चाहिदैनस भनेका हुन कि नेपालको साटो पनि",False,"संसारमा सबैभन्दा ठुलो जरिवाना 2016 (british petrolium) बिरुद्ध $20.8 billion लगाएको थियो, त्यो भन्दा झन्डै दोब्बर billion जरिवाना ठोकिदियेछ india apple बिरुद्ध! भैयाहरुले देखे सोचेर जरिवाना ठोक्छन? हामीलाई चाहिदैनस भनेका नेपालको साटो",0,British / Petrolium / British Petrolium,0.4657805576960499
21,unknown,csv,en,fa,1.0,"این پمپ بنزینی در نزدیکی کرمانشاه هست. انگلیسیا خیلی به این سرزمین خدمت کردن. از جاده‌سازی و پالایشگاه تا تلگراف و کلا روح مدنیت!
BP: BRITISH PETROLIUM",این پمپ بنزینی در نزدیکی کرمانشاه هست. انگلیسیا خیلی به این سرزمین خدمت کردن. از جاده‌سازی پالایشگاه تا تلگراف کلا روح مدنیت! bp: british petrolium,این پمپ بنزینی در نزدیکی کرمانشاه هست. انگلیسیا خیلی به این سرزمین خدمت کردن. از جاده‌سازی پالایشگاه تا تلگراف کلا روح مدنیت! bp: british petrolium,False,بنزینی نزدیکی کرمانشاه هست. انگلیسیا خیلی سرزمین خدمت کردن. جاده‌سازی پالایشگاه تلگراف مدنیت! british petrolium,3,British Petrolium / Petrolium / British,1.0
22,unknown,csv,en,en,1.0,"And none of this comes even close to what Microsoft, Nestle, Lockheed Martin, Pfizer (they did experiment on kids in 1996), Bank of America, Amazon, Meta, Monsato, Dollar General, BlackRock, British Petrolium, Boeing, Ford, Huawei, Exxon, Marlboro or United Healthcare have done","none comes even close what microsoft, nestle, lockheed martin, pfizer (they experiment kids 1996), bank america, amazon, meta, monsato, dollar general, blackrock, british petrolium, boeing, ford, huawei, exxon, marlboro united healthcare done","none comes even close what microsoft, nestle, lockheed martin, pfizer (they experiment kids 1996), bank america, amazon, meta, monsato, dollar general, blackrock, british petrolium, boeing, ford, huawei, exxon, marlboro united healthcare done",False,"none comes close microsoft, nestle, lockheed martin, pfizer (they experiment kids 1996), bank america, amazon, meta, monsato, dollar general, blackrock, british petrolium, boeing, ford, huawei, exxon, marlboro united healthcare done",0,British / Petrolium / British Petrolium,0.38892821597339905
23,unknown,csv,en,en,1.0,"#PoliticsLive Imagine being so stupid as to try and get jingoistic about the gas industry. the gas industry which the Tories/ReformUK's predecessors sold off nearly 40 years ago.  There's nothing patriotic about  relying on BlackRock Inc-owned ""British"" Petrolium.","imagine being stupid try get jingoistic about gas industry. gas industry which tories/reformuk's predecessors sold off nearly 40 years ago. there's nothing patriotic about relying blackrock inc-owned ""british"" petrolium.","imagine being stupid try get jingoistic about gas industry. gas industry which tories/reformuk's predecessors sold off nearly 40 years ago. there's nothing patriotic about relying blackrock inc-owned ""british"" petrolium.",False,"imagine stupid jingoistic industry. industry tories/reformuk's predecessors sold nearly ago. there's nothing patriotic relying blackrock inc-owned ""british"" petrolium.",0,British / Petrolium / British Petrolium,0.40749944766961427
24,unknown,csv,en,id,0.74,BRITISH PETROLIUM,british petrolium,british petrolium,False,british petrolium,2,Petrolium British / British Petrolium / Petrolium,1.0
25,unknown,csv,en,en,1.0,British petrolium!,british petrolium!,british petrolium!,False,british petrolium!,3,British Petrolium / Petrolium / British,1.0
26,unknown,csv,en,sq,1.0,british petrolium,british petrolium,british petrolium,False,british petrolium,2,Petrolium British / British Petrolium / Petrolium,1.0
27,unknown,csv,en,id,1.0,"mana ada bp punya NU 
kepanjangan BP aja British petrolium  

ada kata british tinggal gugel aja",mana ada bp punya nu kepanjangan bp aja british petrolium ada kata british tinggal gugel aja,mana ada bp punya nu kepanjangan bp aja british petrolium ada kata british tinggal gugel aja,False,mana punya kepanjangan british petrolium kata british tinggal gugel,3,British Petrolium / Petrolium / British,1.0
28,unknown,csv,en,sv,1.0,"1/4 Det är så många grundlösa antaganden och trosuppfattningar inbakade i ditt inlägg att jag har svårt att följa vad du vill. Till att börja med är ""klimatavtrycket"" ett marknadsföringsinitiativ av British Petrolium för att flytta upplevt klimatansvar från företag till individ..","1/4 det är så många grundlösa antaganden och trosuppfattningar inbakade ditt inlägg att jag har svårt att följa vad du vill. till att börja med är ""klimatavtrycket"" ett marknadsföringsinitiativ av british petrolium för att flytta upplevt klimatansvar från företag till individ..","1/4 det är så många grundlösa antaganden och trosuppfattningar inbakade ditt inlägg att jag har svårt att följa vad du vill. till att börja med är ""klimatavtrycket"" ett marknadsföringsinitiativ av british petrolium för att flytta upplevt klimatansvar från företag till individ..",False,"många grundlösa antaganden trosuppfattningar inbakade ditt inlägg svårt följa vill. till börja ""klimatavtrycket"" marknadsföringsinitiativ british petrolium flytta upplevt klimatansvar från företag till individ..",-1,Outliers / Noise,0.19708610440479665
29,unknown,csv,en,id,1.0,"Harusnya pemerintah United States Amerika, beri kehormatan pahlawan bangsa. Karena sukses Ganyang PKI n genosida 3 juta warga bhineka tunggal ika. Beri jalan tol Sekutu garuk sumber daya alam, mulai freeport, standart oil, British petrolium dst. Big
Koruptor legend kebal hukum.","harusnya pemerintah united states amerika, beri kehormatan pahlawan bangsa. karena sukses ganyang pki genosida juta warga bhineka tunggal ika. beri jalan tol sekutu garuk sumber daya alam, mulai freeport, standart oil, british petrolium dst. big koruptor legend kebal hukum.","harusnya pemerintah united states amerika, beri kehormatan pahlawan bangsa. karena sukses ganyang pki genosida juta warga bhineka tunggal ika. beri jalan tol sekutu garuk sumber daya alam, mulai freeport, standart oil, british petrolium dst. big koruptor legend kebal hukum.",False,"harusnya pemerintah united states amerika, beri kehormatan pahlawan bangsa. karena sukses ganyang genosida juta warga bhineka tunggal ika. beri jalan sekutu garuk sumber daya alam, mulai freeport, standart oil, british petrolium dst. koruptor legend kebal hukum.",0,British / Petrolium / British Petrolium,0.43289785615326104
30,unknown,csv,en,fr,1.0,"Assistance produit Google Store Votre compte Google L'aide pour l'accessibilité ENTOURER POUR CHERCHER MODE IA COMMENT FONCTIONNE LA RECHERCHE GOOGLE ? LENS Tout Android Découvrez tout un monde d'appareils qui fonctionnent encore mieux ensemble, ainsi que des fonctionnalités d'IA pour vous aider tout au long de la journée. Notre gamme Pixel Découvrez la dernière gamme Pixel, des téléphones aux montres, en passant par les écouteurs et les tablettes. Créez des clips cinématographiques, des séquences vidéos et des petits films avec notre outil de réalisation de films par IA. GOOGLE PHOTOS GOOGLE WORKSPACE AVEC GEMINI GEMINI DANS CHROME GOOGLE MAPS Android Chrome Gemini Gmail Google Agenda Google Docs Google Maps Google Photos Google Play Pixel Recherche YouTube","assistance produit google store votre compte google l'aide l'accessibilité entourer chercher mode ia comment fonctionne recherche google lens android découvrez monde d'appareils fonctionnent mieux ensemble, ainsi fonctionnalités d'ia aider long journée. notre gamme pixel découvrez dernière gamme pixel, téléphones montres, en passant écouteurs tablettes. créez clips cinématographiques, séquences vidéos petits films notre outil réalisation films ia. google photos google workspace gemini gemini chrome google maps android chrome gemini gmail google agenda google docs google maps google photos google play pixel recherche youtube","product support google store your account google help accessibility surround search mode ia how works search google Lens android discover world of devices work better together, so features of it help long day. our range pixel discover latest range pixel, phone watches, passing earphones tablets. create movie clips, video sequences small movies our tool realization movies ia. google photos google workspace gemini gemini chrome google maps android chrome gemini gmail google calendar google docs google maps google photos google play pixel search youtube",True,"product support google store account google help accessibility surround search mode works search google Lens android discover devices better together, features help long day. range pixel discover latest range pixel, phone watches, passing earphones tablets. create movie clips, video sequences movies tool realization movies google photos google workspace gemini gemini chrome google maps android chrome gemini gmail google calendar google docs google maps google photos google play pixel search youtube",1,Develop / Needs / Industry,1.0
31,unknown,csv,en,fr,0.71,La JS Azazga en Ligue 2 : La stabilité a payé,js azazga en ligue stabilité payé,js azazga in stable league paid,True,azazga stable league paid,1,Develop / Needs / Industry,0.586260611236062
32,unknown,csv,en,fr,1.0,"AA / Algérie / Aksil Ouali La compagnie britannique des hydrocarbures, British Petroleum (BP), revient en Algérie, six ans après l’avoir quitté en vendant ses activités à l’italien ENI. Elle vient d’obtenir une autorisation de prospection en Algérie, dans le bassin de l’Est, auprès de l’Agence nationale algérienne pour la valorisation des ressources en hydrocarbures (ALNAFT). « Dans le cadre de sa stratégie visant à renforcer l’attractivité du domaine minier national et à promouvoir de nouvelles opportunités d’exploration, ALNAFT annonce l’octroi d’une autorisation de prospection à BP, acteur majeur de l’industrie énergétique mondiale », a expliqué l’'Agence dans son communiqué. Selon la même source, ce retour de BP constitue « un signal fort de la confiance renouvelée des compagnies internationales dans le potentiel du domaine minier algérien ainsi que dans le cadre de partenariat promu par l’agence ». Rappelant que le domaine minier algérien, qui s’étend sur plus de 1,7 million de km2, « offrait de vastes zones à fort potentiel, dans un contexte marqué par l'évolution rapide des technologies d'exploration », ALNAFT a souligné qu’elle impulsait ainsi « une nouvelle dynamique fondée sur l’innovation et l’intégration de technologies avancées, afin d’améliorer la connaissance du sous-sol et d'ouvrir de nouvelles perspectives pour la valorisation des ressources hydrocarbures ». Cette autorisation accordée à BP, ajoute l’agence, « s’inscrit dans cette dynamique et cible le bassin de l’Est, avec l’ambition de mobiliser des technologies de pointe dans les opérations de prospection afin d’approfondir la connaissance du potentiel énergétique de cette région ». Après plus de 30 ans de présence sur le marché algérien, BP, avait décidé de quitter l’Algérie, une décision annoncée en juin 2021. A l’époque, l’ancien président-directeur général du groupe pétrolier algérien, Sonatrach, Toufik Hakkar, avait justifié cette décision par la volonté de BP « de déplacer son activité vers les énergies nouvelles ». Il avait précisé alors que « le départ de cette compagnie d’Algérie se fera de manière progressive ». Mais la cession définitive de tous les actifs de BP, y compris ses intérêts dans les concessions productrices de gaz d’In Amenas et d’In Salah (sud du pays) à l’italien ENI n’a été finalisé qu’en 2023. British Petroleum était associé, dans le cadre d’une joint-venture, avec Sonatrach et Equinor à hauteur « de 45,89% à In Amenas et de 33,15% à In Salah ». L’exploitation de ces actifs a débuté en 2006 et 2004 respectivement. « En 2021, ils ont produit environ 11 milliards de m3 de gaz, 12 millions de barils de condensats et de GPL », avait indiqué à l’époque BP. Le site Web de l'Agence Anadolu ne contient qu'une partie des dépêches offertes aux abonnés dans le système de diffusion d'informations AA (HAS), et sous forme résumée.Veuillez nous contacter pour les options d'abonnement. Reporting the Changing World Anadolu Ajansı © 2026 Nous utilisons des cookies conformément à notre politique de données et à la réglementation en vigueur. Pour plus de détails, veuillez consulter notre politique de confidentialité.","aa algérie aksil ouali compagnie britannique hydrocarbures, british petroleum (bp), revient en algérie, six ans après l’avoir quitté en vendant ses activités l’italien eni. vient d’obtenir autorisation prospection en algérie, bassin l’est, auprès l’agence nationale algérienne valorisation ressources en hydrocarbures (alnaft). cadre stratégie visant renforcer l’attractivité domaine minier national promouvoir nouvelles opportunités d’exploration, alnaft annonce l’octroi d’une autorisation prospection bp, acteur majeur l’industrie énergétique mondiale », expliqué l’'agence communiqué. selon source, retour bp constitue signal fort confiance renouvelée compagnies internationales potentiel domaine minier algérien ainsi cadre partenariat promu l’agence ». rappelant domaine minier algérien, s’étend 1,7 million km2, offrait vastes zones fort potentiel, contexte marqué l'évolution rapide technologies d'exploration », alnaft souligné qu’elle impulsait ainsi nouvelle dynamique fondée l’innovation l’intégration technologies avancées, afin d’améliorer connaissance sous-sol d'ouvrir nouvelles perspectives valorisation ressources hydrocarbures ». autorisation accordée bp, ajoute l’agence, s’inscrit dynamique cible bassin l’est, l’ambition mobiliser technologies pointe opérations prospection afin d’approfondir connaissance potentiel énergétique région ». après 30 ans présence marché algérien, bp, avait décidé quitter l’algérie, décision annoncée en juin 2021. l’époque, l’ancien président-directeur général groupe pétrolier algérien, sonatrach, toufik hakkar, avait justifié décision volonté bp déplacer activité vers énergies nouvelles ». avait précisé départ compagnie d’algérie fera manière progressive ». cession définitive tous actifs bp, compris ses intérêts concessions productrices gaz d’in amenas d’in salah (sud pays) l’italien eni n’a été finalisé qu’en 2023. british petroleum était associé, cadre d’une joint-venture, sonatrach equinor hauteur 45,89% in amenas 33,15% in salah ». l’exploitation actifs débuté en 2006 2004 respectivement. en 2021, produit environ 11 milliards m3 gaz, 12 millions barils condensats gpl », avait indiqué l’époque bp. site web l'agence anadolu contient qu'une partie dépêches offertes abonnés système diffusion d'informations aa (has), forme résumée.veuillez contacter options d'abonnement. reporting the changing world anadolu ajansı 2026 utilisons cookies conformément notre politique données réglementation en vigueur. détails, veuillez consulter notre politique confidentialité.","agglomeration aksil, agglomeration agglomeration agglomeration agglomeration agglomeration agglomeration agglomeration agglomeration agglomeration agglomeration agglomeration agglomeration agglomeration agglomeration agglomeration agglomeration agglomeration agglomeration agglomeration agglomeration agglomeration agglomeration agglomeration agglomeration agglomeration agglomeration agglomeration agglomeration agglomeration agglomeration agglomeration agglomeration agglomeration agglomeration agglomeration agglomeration agglomeration agglomeration agglomeration agglomeration agglomeration agglomeration agglomeration agglomeration agglomeration agglomeration agglomeration agglomeration agglomeration agitation agglomeration agitation agglom agglom agglom agglom ag ag ag agglo agglo ag agglo ag agglo ag ag agglo agglo agglo agglo agglo ag ag ag agglo ag ag ag agglo agglo agglo agglo agglo ag ag ag ag ag ag ag agglo ag ag ag agglo agglo agglo agglo agglo ag agglo agglo ag agglo ag agglo agglo ag agglo ag agglo agglo agglo ag ag ag ag ag ag ag agglo agglo ag agglo agglo agglo agglo agglo agglo ag ag ag ag ag ag ag ag ag ag ag ag ag ag ag ag agglo ag ag ag ag",True,"agglomeration aksil, agglomeration agglomeration agglomeration agglomeration agglomeration agglomeration agglomeration agglomeration agglomeration agglomeration agglomeration agglomeration agglomeration agglomeration agglomeration agglomeration agglomeration agglomeration agglomeration agglomeration agglomeration agglomeration agglomeration agglomeration agglomeration agglomeration agglomeration agglomeration agglomeration agglomeration agglomeration agglomeration agglomeration agglomeration agglomeration agglomeration agglomeration agglomeration agglomeration agglomeration agglomeration agglomeration agglomeration agglomeration agglomeration agglomeration agglomeration agglomeration agglomeration agitation agglomeration agitation agglom agglom agglom agglom agglo agglo agglo agglo agglo agglo agglo agglo agglo agglo agglo agglo agglo agglo agglo agglo agglo agglo agglo agglo agglo agglo agglo agglo agglo agglo agglo agglo agglo agglo agglo agglo agglo agglo agglo agglo agglo agglo agglo",1,Develop / Needs / Industry,1.0
33,unknown,csv,en,fr,1.0,"L’autorisation accordée à BP s’inscrit dans la nouvelle dynamique du secteur, fondée sur l’innovation et l’intégration de technologies avancées. Le groupe britannique British Petroleum (BP) marque son retour en Algérie. Il a décroché une autorisation de prospection dans le bassin de l’Est. C’est ce qu’a annoncé hier, dans un communiqué, l’Agence nationale pour la valorisation des ressources en hydrocarbures (Alnaft). «Dans le cadre de sa stratégie visant à renforcer l’attractivité du domaine minier national et à promouvoir de nouvelles opportunités d’exploration, Alnaft annonce l’octroi d’une autorisation de prospection à BP, acteur majeur de l’industrie énergétique mondiale», a indiqué l’Agence dans son communiqué relayé par l’APS. Pour l’Alnaft, le retour du géant britannique constitue «un signal fort de la confiance renouvelée des compagnies internationales dans le potentiel du domaine minier algérien ainsi que dans un cadre de partenariat promu par Alnaft». Ce qui confirme aussi «la position du pays comme destination stratégique pour l’exploration énergétique à l’échelle internationale». L’autorisation accordée à BP s’inscrit, selon la même source, dans la nouvelle dynamique du secteur, fondée sur l’innovation et l’intégration de technologies avancées. L’autorisation cible le bassin de l’Est avec l’ambition de mobiliser des technologies de pointe dans les opérations de prospection. L’objectif étant d’«approfondir la connaissance du potentiel énergétique de cette région». Et ce, sachant que le domaine minier algérien s’étend sur plus de 1,7 million de km2 et offre, selon l’Alnaft, de vastes zones à fort potentiel, dans un contexte marqué par l’évolution rapide des technologies d’exploration. A travers cette initiative, Alnaft réaffirme sa volonté de «consolider la dynamique d’exploration, de mobiliser des investissements internationaux de premier plan et de soutenir le développement durable du secteur des hydrocarbures en Algérie», selon le communiqué international.
A titre de rappel, British Petroleum avait cédé ses actifs en Algérie à l’italien Eni en septembre 2022, en lui vendant ses actifs gaziers (In Salah et In Amenas). Cette décision avait été prise lors d’une stratégie de réduction des investissements fossiles et de réorientation vers les énergies renouvelables. L’opération avait été finalisée en février 2023, avec l’acquisition des activités de BP, concernant les deux concessions de production de gaz à In Amenas et In Salah, exploitées conjointement avec Sonatrach et Equinor, et entrés en production en 2006 et 2004. Tendances de la Semaine Catégories Populaires Le quotidien El Watan a été lancé le 8 octobre 1990, dans le sillage des réformes politiques, par vingt journalistes regroupés dans la SPA El Watan. Premier journal indépendant du matin, d’expression française, à être édité en Algérie, il a basé sa ligne éditoriale sur un traitement objectif de l’information, en développant des analyses pertinentes, une vérification rigoureuse des informations publiées et un souci constant d’ouverture à l’ensemble des sensibilités politiques du pays, notamment celle de l’opposition démocratique. ©El Watan All Rights Reserved.","l’autorisation accordée bp s’inscrit nouvelle dynamique secteur, fondée l’innovation l’intégration technologies avancées. groupe britannique british petroleum (bp) marque retour en algérie. décroché autorisation prospection bassin l’est. c’est qu’a annoncé hier, communiqué, l’agence nationale valorisation ressources en hydrocarbures (alnaft). «dans cadre stratégie visant renforcer l’attractivité domaine minier national promouvoir nouvelles opportunités d’exploration, alnaft annonce l’octroi d’une autorisation prospection bp, acteur majeur l’industrie énergétique mondiale», indiqué l’agence communiqué relayé l’aps. l’alnaft, retour géant britannique constitue «un signal fort confiance renouvelée compagnies internationales potentiel domaine minier algérien ainsi cadre partenariat promu alnaft». confirme «la position pays destination stratégique l’exploration énergétique l’échelle internationale». l’autorisation accordée bp s’inscrit, selon source, nouvelle dynamique secteur, fondée l’innovation l’intégration technologies avancées. l’autorisation cible bassin l’est l’ambition mobiliser technologies pointe opérations prospection. l’objectif étant d’«approfondir connaissance potentiel énergétique région». ce, sachant domaine minier algérien s’étend 1,7 million km2 offre, selon l’alnaft, vastes zones fort potentiel, contexte marqué l’évolution rapide technologies d’exploration. travers initiative, alnaft réaffirme volonté «consolider dynamique d’exploration, mobiliser investissements internationaux premier plan soutenir développement durable secteur hydrocarbures en algérie», selon communiqué international. titre rappel, british petroleum avait cédé ses actifs en algérie l’italien eni en septembre 2022, en lui vendant ses actifs gaziers (in salah in amenas). décision avait été prise lors d’une stratégie réduction investissements fossiles réorientation vers énergies renouvelables. l’opération avait été finalisée en février 2023, l’acquisition activités bp, concernant deux concessions production gaz in amenas in salah, exploitées conjointement sonatrach equinor, entrés en production en 2006 2004. tendances semaine catégories populaires quotidien el watan été lancé octobre 1990, sillage réformes politiques, vingt journalistes regroupés spa el watan. premier journal indépendant matin, d’expression française, être édité en algérie, basé ligne éditoriale traitement objectif l’information, en développant analyses pertinentes, vérification rigoureuse informations publiées souci constant d’ouverture l’ensemble sensibilités politiques pays, notamment celle l’opposition démocratique. ©el watan all rights reserved.",bp abddddddddddddddddddddddddddddddddddddddddddddddddddddddddddddddddddddddddddddddddddddddddddddddddddddddddddddddddddddfddddddddddddddddddddddddddddddddddddddddddddddddddddddddddddddddddddddddddddddddddddddddddddddddddddddddddddddddddddddddddddddddddddddddddddddddddddddddddddddddddddddddddddddddddddddddddddddddddddddddddddddddddddddddddddddddddddddddddddddddddddddddddddddddddddddddddddddddddddddddddddddddddddddddddddddddddddddddddddddddddddddddddddddddddddddddddddddddddddddddddddddddddddddddddddddddddddd,True,abddddddddddddddddddddddddddddddddddddddddddddddddddddddddddddddddddddddddddddddddddddddddddddddddddddddddddddddddddddfddddddddddddddddddddddddddddddddddddddddddddddddddddddddddddddddddddddddddddddddddddddddddddddddddddddddddddddddddddddddddddddddddddddddddddddddddddddddddddddddddddddddddddddddddddddddddddddddddddddddddddddddddddddddddddddddddddddddddddddddddddddddddddddddddddddddddddddddddddddddddddddddddddddddddddddddddddddddddddddddddddddddddddddddddddddddddddddddddddddddddddddddddddddddddddddddddddd,1,Develop / Needs / Industry,1.0
34,unknown,csv,en,fr,1.0,"Le climat des affaires en Algérie connaît une dynamique sans précédent. Entre le retour stratégique du géant pétrolier britannique British Petroleum (BP) dans l’exploration et l’intérêt marqué du leader égyptien de la sidérurgie « Ezz Steel », le pays s’impose plus que jamais comme une destination privilégiée pour les investissements d’envergure. La nouvelle est tombée ce mardi : l’Agence nationale pour la valorisation des ressources en hydrocarbures (ALNAFT) a officiellement octroyé une licence d’exploration à la compagnie britannique British Petroleum (BP). Ce périmètre d’étude est situé au niveau du bassin de l’Est, une zone jugée prometteuse par les experts du secteur. Pour ALNAFT, ce partenariat dépasse la simple transaction commerciale pour s’inscrire comme une étape fondamentale de la stratégie nationale. Cette collaboration vise avant tout à renforcer l’attractivité du domaine minier national, dont la vaste étendue de 1,7 million de km² offre des perspectives d’exploration considérables. Elle permet également de mobiliser des technologies de pointe essentielles pour affiner la connaissance géologique du sous-sol et optimiser la valorisation des ressources. Enfin, l’engagement d’un géant comme BP sert à démontrer la confiance renouvelée des majors pétrolières internationales envers le cadre législatif algérien, consolidant ainsi la position du pays sur l’échiquier énergétique mondial. 🟢 À LIRE AUSSI : Le pétrole arabe profite des tensions géopolitiques : Le brut algérien franchit la barre des 100$ L’agence a souligné sa volonté de promouvoir une dynamique basée sur l’innovation, afin de transformer le potentiel énergétique en ressources concrètes, consolidant ainsi le rôle de l’Algérie comme fournisseur énergétique stratégique sur la scène mondiale. Parallèlement à l’effervescence du secteur énergétique, l’industrie lourde attire également les poids lourds régionaux. L’Agence Algérienne de Promotion de l’Investissement (AAPI) a reçu ce lundi une délégation de la direction de « Ezz Steel », le leader égyptien et acteur majeur de la sidérurgie au Moyen-Orient et en Afrique. Le groupe égyptien, dont l’expertise remonte à sa fondation en 1982 et qui affiche aujourd’hui une capacité de production annuelle de 7 millions de tonnes, a exposé un projet industriel d’envergure articulé autour d’une montée en puissance graduelle. Cette stratégie prévoit, dans une première phase, le lancement de la production de fer de réduction directe (DRI), avant de s’étendre pour transformer le site en un complexe industriel totalement intégré. À terme, cette installation d’excellence couvrira l’intégralité des étapes de la transformation du fer et de l’acier, consolidant ainsi la chaîne de valeur métallurgique sur le sol algérien. 🟢 À LIRE AUSSI : Acier : Holding SNS s’allie au géan égyptien Ezz Steel pour propulser l’industrie nationale De son côté, l’AAPI a mis en avant les multiples opportunités offertes par le nouveau cadre législatif algérien en exposant en détail les avantages contenus dans le code de l’investissement. Les échanges se sont ainsi concentrés sur les importantes incitations fiscales et douanières spécifiquement dédiées aux projets d’envergure, tout en abordant la question cruciale de l’accès à un foncier industriel parfaitement adapté aux exigences techniques du groupe. Enfin, l’agence a insisté sur la mise en place d’un mécanisme d’accompagnement permanent, conçu pour lever les obstacles bureaucratiques et faciliter chaque étape de l’installation et du développement du groupe en Algérie. 🟢 À LIRE AUSSI : Traité d’amitié réactivé : les relations économiques Algérie-Espagne regagnent du terrain","climat affaires en algérie connaît dynamique précédent. entre retour stratégique géant pétrolier britannique british petroleum (bp) l’exploration l’intérêt marqué leader égyptien sidérurgie ezz steel », pays s’impose jamais destination privilégiée investissements d’envergure. nouvelle tombée mardi l’agence nationale valorisation ressources en hydrocarbures (alnaft) officiellement octroyé licence d’exploration compagnie britannique british petroleum (bp). périmètre d’étude situé niveau bassin l’est, zone jugée prometteuse experts secteur. alnaft, partenariat dépasse simple transaction commerciale s’inscrire étape fondamentale stratégie nationale. collaboration vise avant renforcer l’attractivité domaine minier national, dont vaste étendue 1,7 million km2 offre perspectives d’exploration considérables. permet également mobiliser technologies pointe essentielles affiner connaissance géologique sous-sol optimiser valorisation ressources. enfin, l’engagement d’un géant bp sert démontrer confiance renouvelée majors pétrolières internationales envers cadre législatif algérien, consolidant ainsi position pays l’échiquier énergétique mondial. lire pétrole arabe profite tensions géopolitiques brut algérien franchit barre 100$ l’agence souligné volonté promouvoir dynamique basée l’innovation, afin transformer potentiel énergétique en ressources concrètes, consolidant ainsi rôle l’algérie fournisseur énergétique stratégique scène mondiale. parallèlement l’effervescence secteur énergétique, l’industrie lourde attire également poids lourds régionaux. l’agence algérienne promotion l’investissement (aapi) reçu lundi délégation direction ezz steel », leader égyptien acteur majeur sidérurgie moyen-orient en afrique. groupe égyptien, dont l’expertise remonte fondation en 1982 affiche aujourd’hui capacité production annuelle millions tonnes, exposé projet industriel d’envergure articulé autour d’une montée en puissance graduelle. stratégie prévoit, première phase, lancement production fer réduction directe (dri), avant s’étendre transformer site en complexe industriel totalement intégré. terme, installation d’excellence couvrira l’intégralité étapes transformation fer l’acier, consolidant ainsi chaîne valeur métallurgique sol algérien. lire acier holding sns s’allie géan égyptien ezz steel propulser l’industrie nationale côté, l’aapi mis en avant multiples opportunités offertes nouveau cadre législatif algérien en exposant en détail avantages contenus code l’investissement. échanges ainsi concentrés importantes incitations fiscales douanières spécifiquement dédiées projets d’envergure, en abordant question cruciale l’accès foncier industriel parfaitement adapté exigences techniques groupe. enfin, l’agence insisté mise en place d’un mécanisme d’accompagnement permanent, conçu lever obstacles bureaucratiques faciliter chaque étape l’installation développement groupe en algérie. lire traité d’amitié réactivé relations économiques algérie-espagne regagnent terrain","This is the first time that we are able to meet the needs of the world's largest mining industry. The first time that we are able to meet the needs of the world's largest mining industry. The second time that we are able to meet the needs of the world's most advanced mining industry. The second time that we are able to meet the needs of the world's most advanced mining industry. The second time that we are able to meet the needs of the world's most advanced mining industry, the second time that we are able to meet the needs of the world's most advanced mining industry, the second time that we are able to meet the needs of the world's most advanced mining industry, the second time that we are able to meet the needs of the world's most advanced mining industry.",True,"able meet needs world's largest mining industry. able meet needs world's largest mining industry. second able meet needs world's advanced mining industry. second able meet needs world's advanced mining industry. second able meet needs world's advanced mining industry, second able meet needs world's advanced mining industry, second able meet needs world's advanced mining industry, second able meet needs world's advanced mining industry.",1,Develop / Needs / Industry,1.0
35,unknown,csv,en,fr,1.0,"Pour offrir les meilleures expériences, nous et nos partenaires utilisons des technologies telles que les cookies pour stocker et/ou accéder aux informations de l’appareil. Le consentement à ces technologies nous permettra, ainsi qu’à nos partenaires, de traiter des données personnelles telles que le comportement de navigation ou des ID uniques sur ce site et afficher des publicités (non-) personnalisées. Ne pas consentir ou retirer son consentement peut nuire à certaines fonctionnalités et fonctions. Cliquez ci-dessous pour accepter ce qui précède ou faites des choix détaillés. Vos choix seront appliqués uniquement à ce site. Vous pouvez modifier vos réglages à tout moment, y compris le retrait de votre consentement, en utilisant les boutons de la politique de cookies, ou en cliquant sur l’onglet de gestion du consentement en bas de l’écran. Stocker et/ou accéder à des informations sur un appareil, Utiliser des données limitées pour sélectionner la publicité, Créer des profils pour la publicité personnalisée, Utiliser des profils pour sélectionner des publicités personnalisées, Créer des profils de contenus personnalisés, Utiliser des profils pour sélectionner des contenus personnalisés, Développer et améliorer les services, Utiliser des données limitées pour sélectionner le contenu. Mettre en correspondance et combiner des données à partir d’autres sources de données, Relier différents appareils, Identifier les appareils en fonction des informations transmises automatiquement. En Algérie, l’Agence nationale pour la valorisation des ressources en hydrocarbures (ALNAFT) a annoncé l’octroi d’une autorisation de prospection à l’entreprise mondiale British Petroleum (BP), et ce, dans le cadre de sa stratégie continue visant à accroître l’attractivité du secteur minier algérien et à débloquer de nouvelles opportunités d’exploration avec un domaine minier couvrant plus de 1,7 million de km² qui offre de vastes zones sous-explorées au potentiel significatif. “Dans un contexte façonné par les avancées technologiques rapides, ALNAFT favorise une nouvelle dynamique portée par l’innovation et l’intégration de technologies d’exploration avancées, visant à améliorer les connaissances souterraines et à ouvrir de nouveaux horizons de développement”, lit-on dans un communiqué d’ALNAFT. Et d’ajouter que l’autorisation accordée à BP se concentre sur le bassin oriental et reflète une ambition commune de déployer des technologies de pointe dans les opérations de prospection, améliorant ainsi la compréhension du potentiel énergétique de la région. L’agence algérienne a indiqué que le retour de BP en Algérie envoie un signal fort de regain de confiance de la part des investisseurs internationaux dans le domaine minier du pays et dans le cadre de partenariat promu par ALNAFT. Que se passe-t-il en Tunisie?
Nous expliquons sur notre chaîne YouTube . Abonnez-vous! Protection des données personnelles Copyright © 2026 Tunisie Numerique / Conditions d’utilisation","offrir meilleures expériences, nos partenaires utilisons technologies telles cookies stocker et/ou accéder informations l’appareil. consentement technologies permettra, ainsi qu’à nos partenaires, traiter données personnelles telles comportement navigation id uniques site afficher publicités (non-) personnalisées. consentir retirer consentement peut nuire certaines fonctionnalités fonctions. cliquez ci-dessous accepter précède faites choix détaillés. vos choix seront appliqués uniquement site. pouvez modifier vos réglages moment, compris retrait votre consentement, en utilisant boutons politique cookies, en cliquant l’onglet gestion consentement en bas l’écran. stocker et/ou accéder informations appareil, utiliser données limitées sélectionner publicité, créer profils publicité personnalisée, utiliser profils sélectionner publicités personnalisées, créer profils contenus personnalisés, utiliser profils sélectionner contenus personnalisés, développer améliorer services, utiliser données limitées sélectionner contenu. mettre en correspondance combiner données partir d’autres sources données, relier différents appareils, identifier appareils en fonction informations transmises automatiquement. en algérie, l’agence nationale valorisation ressources en hydrocarbures (alnaft) annoncé l’octroi d’une autorisation prospection l’entreprise mondiale british petroleum (bp), ce, cadre stratégie continue visant accroître l’attractivité secteur minier algérien débloquer nouvelles opportunités d’exploration domaine minier couvrant 1,7 million km2 offre vastes zones sous-explorées potentiel significatif. “dans contexte façonné avancées technologiques rapides, alnaft favorise nouvelle dynamique portée l’innovation l’intégration technologies d’exploration avancées, visant améliorer connaissances souterraines ouvrir nouveaux horizons développement”, lit-on communiqué d’alnaft. d’ajouter l’autorisation accordée bp concentre bassin oriental reflète ambition commune déployer technologies pointe opérations prospection, améliorant ainsi compréhension potentiel énergétique région. l’agence algérienne indiqué retour bp en algérie envoie signal fort regain confiance part investisseurs internationaux domaine minier pays cadre partenariat promu alnaft. passe-t-il en tunisie? expliquons notre chaîne youtube abonnez-vous! protection données personnelles copyright 2026 tunisie numerique conditions d’utilisation","to offer better experiences, our partners use technologies such cookies to store and/or access information the device. consent technology will allow, as well as our partners, to process personal data such behavior navigation id unique site to display advertisements (non-) personalized. consent to withdraw consent may harm certain functionality functions. click below accept prior detailed choices. your choices will be applied only site. can modify your settings, including withdrawal your consent, using political buttons cookies, clicking the consent management tab at the bottom of the screen. store and/or access device information, use limited data to select advertising, create personalized advertising profiles, use profiles to select personalized ads, create profiles to create personalized content, use profiles to select personalized content, develop services, use limited data to select content. match data from other data sources, connect different devices, identify devices to function information transmitted automatically. in algeria chain, use limited data to select advertising, create personalized advertising profiles, use profiles to select personalized content, use profiles to select personalized content, develop services, use limited data to select content. connect data from other data sources, identify devices to function information transmitted automatically. in algeria chain, national agency to develop new technologies to develop new technologies to develop new to develop to develop to develop to develop to develop to develop to develop to develop to develop to develop to develop to develop to do not to do not to do not to do not to do not to do not to do not to do not to do not to do not to do not to do not to do not to do not to do not to do not to do not to do not to do not to do not to do not to do not to do not to do not to do not to do not to do not to do not to do not to do not to do not to do not to do not to do not to do not to do not to do not to do not to do not to do not to do not to do not to do not to do not to do not to do not to do not to do not to do not to do not to do not to do not to do not to do not to do not to do not to do not to do not to do not to do not to do not to do not to do not to do not to do not to do not to do not to do not to do not to do not to do not to do not to do not to do not to do not to do not to do not to do not to do not",True,"offer better experiences, partners technologies cookies store and/or access information device. consent technology allow, partners, process personal data behavior navigation unique site display advertisements (non-) personalized. consent withdraw consent harm certain functionality functions. click accept prior detailed choices. choices applied site. modify settings, withdrawal consent, political buttons cookies, clicking consent management bottom screen. store and/or access device information, limited data select advertising, create personalized advertising profiles, profiles select personalized ads, create profiles create personalized content, profiles select personalized content, develop services, limited data select content. match data data sources, connect different devices, identify devices function information transmitted automatically. algeria chain, limited data select advertising, create personalized advertising profiles, profiles select personalized content, profiles select personalized content, develop services, limited data select content. connect data data sources, identify devices function information transmitted automatically. algeria chain, national agency develop technologies develop technologies develop develop develop develop develop develop develop develop develop develop develop develop develop",1,Develop / Needs / Industry,0.6515868614948718
36,unknown,csv,en,en,1.0,"The Ministry of Petroleum and Mineral Resources (MoMR) announced a new natural gas discovery in the Nile Delta, with projected production of  50 million cubic feet per day (mmcf/d) following the drilling of the exploratory well (Nidoco N-2) in the West Abu Madi area, co-operated by Italy’s Eni and the  UK’s British Petroleum (bp). Karim Badawi, Minister of Petroleum and Mineral Resources, inspected the EDC 56 drilling rig, which executed operations on the well.  Nidoco N-2, situated approximately 3 km offshore in shallow waters (depth of ~10m), was drilled from an onshore location utilizing advanced Directional Drilling (ERD) technologies. This strategic approach significantly optimized operational expenditures (OPEX) and enhanced overall process efficiency. The Minister affirmed that this discovery, along with increased production from existing fields, comes as a result of the petroleum sector’s success in repaying dues owed to foreign partners, with the goal of totally settling them by the end of June. Badawi explained that the regular settlement of arrears has encouraged partners to intensify exploration and drilling activities, increase production rates, and expand the development of mature fields by extending the duration of agreements. This has helped attract new investments to these areas. Additionally, Badawi noted that the well’s proximity to existing infrastructure, being less than 2 km from the nearest production facilities, allows for its rapid connection to the grid in the coming weeks and the start of early production, thereby enhancing the efficiency of investment spending. The Minister explained that this discovery serves as a model for maximizing the use of existing infrastructure, increasing production rates to secure gas supplies to the domestic market. It also reflects the continued success of Eni in exploration activities across its various concession areas. Abu Madi West development area is operated by Eni and  bp in partnership with the  Egyptian General Petroleum Corporation (EGPC), through Petrobel. Sarah has been writing in the oil and gas field for 8 years. She has a Bachelor Degree in English Literature. She has three years of experience in the banking sector. Get all latest content delivered to your email a few times a month. © 2026 EOG all rights reserved","ministry petroleum mineral resources (momr) announced new natural gas discovery nile delta, projected production 50 million cubic feet per day (mmcf/d) following drilling exploratory well (nidoco n-2) west abu madi area, co-operated italy’s eni uk’s british petroleum (bp). karim badawi, minister petroleum mineral resources, inspected edc 56 drilling rig, which executed operations well. nidoco n-2, situated approximately km offshore shallow waters (depth ~10m), drilled onshore location utilizing advanced directional drilling (erd) technologies. strategic approach significantly optimized operational expenditures (opex) enhanced overall process efficiency. minister affirmed discovery, along increased production existing fields, comes result petroleum sector’s success repaying dues owed foreign partners, goal totally settling them end june. badawi explained regular settlement arrears encouraged partners intensify exploration drilling activities, increase production rates, expand development mature fields extending duration agreements. helped attract new investments areas. additionally, badawi noted well’s proximity existing infrastructure, being less than km nearest production facilities, allows rapid connection grid coming weeks start early production, thereby enhancing efficiency investment spending. minister explained discovery serves model maximizing use existing infrastructure, increasing production rates secure gas supplies domestic market. also reflects continued success eni exploration activities across various concession areas. abu madi west development area operated eni bp partnership egyptian general petroleum corporation (egpc), through petrobel. sarah writing oil gas field years. bachelor degree english literature. three years experience banking sector. get all latest content delivered email few times month. 2026 eog all rights reserved","ministry petroleum mineral resources (momr) announced new natural gas discovery nile delta, projected production 50 million cubic feet per day (mmcf/d) following drilling exploratory well (nidoco n-2) west abu madi area, co-operated italy’s eni uk’s british petroleum (bp). karim badawi, minister petroleum mineral resources, inspected edc 56 drilling rig, which executed operations well. nidoco n-2, situated approximately km offshore shallow waters (depth ~10m), drilled onshore location utilizing advanced directional drilling (erd) technologies. strategic approach significantly optimized operational expenditures (opex) enhanced overall process efficiency. minister affirmed discovery, along increased production existing fields, comes result petroleum sector’s success repaying dues owed foreign partners, goal totally settling them end june. badawi explained regular settlement arrears encouraged partners intensify exploration drilling activities, increase production rates, expand development mature fields extending duration agreements. helped attract new investments areas. additionally, badawi noted well’s proximity existing infrastructure, being less than km nearest production facilities, allows rapid connection grid coming weeks start early production, thereby enhancing efficiency investment spending. minister explained discovery serves model maximizing use existing infrastructure, increasing production rates secure gas supplies domestic market. also reflects continued success eni exploration activities across various concession areas. abu madi west development area operated eni bp partnership egyptian general petroleum corporation (egpc), through petrobel. sarah writing oil gas field years. bachelor degree english literature. three years experience banking sector. get all latest content delivered email few times month. 2026 eog all rights reserved",False,"ministry petroleum mineral resources (momr) announced natural discovery nile delta, projected production million cubic feet (mmcf/d) following drilling exploratory (nidoco n-2) west madi area, co-operated italy’s uk’s british petroleum (bp). karim badawi, minister petroleum mineral resources, inspected drilling rig, executed operations well. nidoco n-2, situated approximately offshore shallow waters (depth ~10m), drilled onshore location utilizing advanced directional drilling (erd) technologies. strategic approach significantly optimized operational expenditures (opex) enhanced overall process efficiency. minister affirmed discovery, increased production existing fields, comes result petroleum sector’s success repaying dues owed foreign partners, goal totally settling june. badawi explained regular settlement arrears encouraged partners intensify exploration drilling activities, increase production rates, expand development mature fields extending duration agreements. helped attract investments areas. additionally, badawi noted well’s proximity existing infrastructure, less nearest production facilities, allows rapid connection grid coming weeks start early production, thereby enhancing efficiency investment spending. minister explained discovery serves model maximizing existing infrastructure, increasing production rates secure supplies domestic market. reflects continued success exploration activities across various concession areas. madi west development area operated partnership egyptian general petroleum corporation (egpc), petrobel. sarah writing field years. bachelor degree english literature. experience banking sector. latest content delivered email times month. 2026 rights reserved",1,Develop / Needs / Industry,0.2652390449474378
37,unknown,csv,en,en,1.0,"The Environment and Land court at Isiolo has ruled that a class action lawsuit against British oil giant BP can proceed to a full hearing, in a case that alleges toxic waste left behind from oil exploration in the 1980s contaminated groundwater in northern Kenya, killing more than 500 people and thousands of livestock. The matter shall be taken up on May 6. The lawsuit, filed in February by 299 petitioners at the Environment and Land Court at Isiolo, was brought by residents of Kargi and Kalacha, two remote settlements in Marsabit county. It alleges that oil exploration activities conducted between 1985 and 1993 in northern and northwestern Kenya by Amoco Corporation, which was acquired by BP in 1998, improperly discharged hazardous and toxic contaminants into the environment, contaminating groundwater that communities depend on for drinking water and to rear livestock. Court documents allege that drilling waste containing radium isotopes, arsenic, lead and nitrates, was dumped in unlined pits or left exposed on the ground. The petition names British Petroleum PLC as the first respondent, alongside 11 other respondents including the National Oil Corporation of Kenya; the cabinet secretaries for environment, water, health and mining; the Water Resources Authority; the county government of Marsabit; the attorney general; the National Environment Management Authority; the Kenya Nuclear Regulatory Authority; and the Kenya Medical Research Institute. BP’s press office told Mongabay via email that it had no comment on the case. The High Court’s April ruling does not establish liability but clears the procedural threshold for the case to be fully heard. The 299 named petitioners may represent only a fraction of those affected. The case is backed by the Pastoralist Alliance for Resilience and Adaptation Across Nations (PARAAN) a civil society network of 37 organisations drawn from nine Kenyan counties and three East African countries. Liban Golicha, PARAAN’s coordinator, told Mongabay the organization became involved after a member organization in the region brought the community’s evidence to their attention. “This was a long-standing historical injustice that happened some time back,” Golicha said. “We came to support them, giving them a hand to get the community’s consent, to facilitate the legal team to visit the sites and to help coordinate stakeholders.” The case, Golicha said, is not isolated. Similar allegations of toxic waste dumping by oil exploration companies have been raised in other counties in northern Kenya including Garissa, Wajir and Isiolo, and PARAAN has begun receiving inquiries from those areas about how to pursue similar legal action or whether they can be enjoined. “There’s an allegation that similar incidents happened in the entire northern Kenya,” he said. “If this goes through, this will be an eye-opener.” For now, PARAAN is treating the Kargi and Kalacha case as a pilot. Banner Image: Residents of Kalacha settlement during a meeting with civil society representatives and lawyers in February, 2026. Image courtesy of Zeitun. Across the tropics, a growing movement is working to secure a future for primates in the face of disease, deforestation and wildlife trade. Reporting from across the planet, this video series highlights how scientists, conservationists and local communities are rebuilding populations and reconnecting fragmented forests. Along the way, it reveals the innovation, collaboration and resilience […] © 2026 Copyright Conservation news. Mongabay is a U.S.-based non-profit conservation and environmental science news platform. Our EIN or tax ID is 45-3714703. you're currently offline","environment land court isiolo ruled class action lawsuit against british oil giant bp proceed full hearing, case alleges toxic waste left behind oil exploration 1980s contaminated groundwater northern kenya, killing more than 500 people thousands livestock. matter taken up 6. lawsuit, filed february 299 petitioners environment land court isiolo, brought residents kargi kalacha, two remote settlements marsabit county. alleges oil exploration activities conducted between 1985 1993 northern northwestern kenya amoco corporation, which acquired bp 1998, improperly discharged hazardous toxic contaminants into environment, contaminating groundwater communities depend drinking water rear livestock. court documents allege drilling waste containing radium isotopes, arsenic, lead nitrates, dumped unlined pits left exposed ground. petition names british petroleum plc first respondent, alongside 11 other respondents including national oil corporation kenya; cabinet secretaries environment, water, health mining; water resources authority; county government marsabit; attorney general; national environment management authority; kenya nuclear regulatory authority; kenya medical research institute. bp’s press office told mongabay via email comment case. high court’s april ruling establish liability clears procedural threshold case fully heard. 299 named petitioners represent only fraction affected. case backed pastoralist alliance resilience adaptation across nations (paraan) civil society network 37 organisations drawn nine kenyan counties three east african countries. liban golicha, paraan’s coordinator, told mongabay organization became involved after member organization region brought community’s evidence attention. “this long-standing historical injustice happened some time back,” golicha said. “we came support them, giving them hand get community’s consent, facilitate legal team visit sites help coordinate stakeholders.” case, golicha said, isolated. similar allegations toxic waste dumping oil exploration companies raised other counties northern kenya including garissa, wajir isiolo, paraan begun receiving inquiries areas about how pursue similar legal action whether enjoined. “there’s allegation similar incidents happened entire northern kenya,” said. “if goes through, eye-opener.” now, paraan treating kargi kalacha case pilot. banner image: residents kalacha settlement during meeting civil society representatives lawyers february, 2026. image courtesy zeitun. across tropics, growing movement working secure future primates face disease, deforestation wildlife trade. reporting across planet, video series highlights how scientists, conservationists local communities rebuilding populations reconnecting fragmented forests. along way, reveals innovation, collaboration resilience [...] 2026 copyright conservation news. mongabay u.s.-based non-profit conservation environmental science news platform. ein tax id 45-3714703. you're currently offline","environment land court isiolo ruled class action lawsuit against british oil giant bp proceed full hearing, case alleges toxic waste left behind oil exploration 1980s contaminated groundwater northern kenya, killing more than 500 people thousands livestock. matter taken up 6. lawsuit, filed february 299 petitioners environment land court isiolo, brought residents kargi kalacha, two remote settlements marsabit county. alleges oil exploration activities conducted between 1985 1993 northern northwestern kenya amoco corporation, which acquired bp 1998, improperly discharged hazardous toxic contaminants into environment, contaminating groundwater communities depend drinking water rear livestock. court documents allege drilling waste containing radium isotopes, arsenic, lead nitrates, dumped unlined pits left exposed ground. petition names british petroleum plc first respondent, alongside 11 other respondents including national oil corporation kenya; cabinet secretaries environment, water, health mining; water resources authority; county government marsabit; attorney general; national environment management authority; kenya nuclear regulatory authority; kenya medical research institute. bp’s press office told mongabay via email comment case. high court’s april ruling establish liability clears procedural threshold case fully heard. 299 named petitioners represent only fraction affected. case backed pastoralist alliance resilience adaptation across nations (paraan) civil society network 37 organisations drawn nine kenyan counties three east african countries. liban golicha, paraan’s coordinator, told mongabay organization became involved after member organization region brought community’s evidence attention. “this long-standing historical injustice happened some time back,” golicha said. “we came support them, giving them hand get community’s consent, facilitate legal team visit sites help coordinate stakeholders.” case, golicha said, isolated. similar allegations toxic waste dumping oil exploration companies raised other counties northern kenya including garissa, wajir isiolo, paraan begun receiving inquiries areas about how pursue similar legal action whether enjoined. “there’s allegation similar incidents happened entire northern kenya,” said. “if goes through, eye-opener.” now, paraan treating kargi kalacha case pilot. banner image: residents kalacha settlement during meeting civil society representatives lawyers february, 2026. image courtesy zeitun. across tropics, growing movement working secure future primates face disease, deforestation wildlife trade. reporting across planet, video series highlights how scientists, conservationists local communities rebuilding populations reconnecting fragmented forests. along way, reveals innovation, collaboration resilience [...] 2026 copyright conservation news. mongabay u.s.-based non-profit conservation environmental science news platform. ein tax id 45-3714703. you're currently offline",False,"environment land court isiolo ruled class action lawsuit british giant proceed full hearing, case alleges toxic waste left behind exploration 1980s contaminated groundwater northern kenya, killing people thousands livestock. matter taken lawsuit, filed february petitioners environment land court isiolo, brought residents kargi kalacha, remote settlements marsabit county. alleges exploration activities conducted 1985 1993 northern northwestern kenya amoco corporation, acquired 1998, improperly discharged hazardous toxic contaminants environment, contaminating groundwater communities depend drinking water rear livestock. court documents allege drilling waste containing radium isotopes, arsenic, lead nitrates, dumped unlined pits left exposed ground. petition names british petroleum respondent, alongside respondents national corporation kenya; cabinet secretaries environment, water, health mining; water resources authority; county government marsabit; attorney general; national environment management authority; kenya nuclear regulatory authority; kenya medical research institute. bp’s press office told mongabay email comment case. court’s april ruling establish liability clears procedural threshold case fully heard. named petitioners represent fraction affected. case backed pastoralist alliance resilience adaptation across nations (paraan) civil society network organisations drawn nine kenyan counties east african countries. liban golicha, paraan’s coordinator, told mongabay organization became involved member organization region brought community’s evidence attention. “this long-standing historical injustice happened back,” golicha said. support them, giving hand community’s consent, facilitate legal team visit sites help coordinate stakeholders.” case, golicha said, isolated. similar allegations toxic waste dumping exploration companies raised counties northern kenya garissa, wajir isiolo, paraan begun receiving inquiries areas pursue similar legal action enjoined. “there’s allegation similar incidents happened entire northern kenya,” said. goes through, eye-opener.” now, paraan treating kargi kalacha case pilot. banner image: residents kalacha settlement meeting civil society representatives lawyers february, 2026. image courtesy zeitun. across tropics, growing movement working secure future primates face disease, deforestation wildlife trade. reporting across planet, video series highlights scientists, conservationists local communities rebuilding populations reconnecting fragmented forests. way, reveals innovation, collaboration resilience [...] 2026 copyright conservation news. mongabay u.s.-based non-profit conservation environmental science news platform. 45-3714703. you're currently offline",1,Develop / Needs / Industry,0.28967648578478006
38,unknown,csv,en,en,1.0,"If the energy giant BP’s change of direction over the last year could be summed up in a single phrase, it would be ‘Back to Petroleum’. It has cut its investments in wind and solar power, scaled back its targets for renewables, and brought in new management more familiar with rigs and pipelines than climate change conferences. Today we see the first results of those efforts with a huge increase in profits for the company. BP’s strategy, it seems, is paying off. A quarter of a century ago, under its former CEO Lord Browne, BP snappily rebranded itself as ‘Beyond Petroleum’. It seemed a smart enough move at the time. With worries about climate change rising, and with oil and gas running out, the conglomerate aimed to transform itself into a giant of the renewable energy industry. The trouble is, it didn’t work out very well. Instead of smoothly transitioning to alternatives while steadily running down its reliance on fossil fuels, BP found that it was far harder to make money from wind and solar farms than it had been from drilling for black gold in far-flung corners of the world. Its profits drifted, it fell behind its rivals, it went through a series of chief executives, and corporate raiders started buying up its shares and demanding change. In the City, there was constant rumpus of a humiliating takeover offer from its historic rival Shell.  BP’s new CEO Meg O’Neill, a veteran of ExxonMobil and Australia’s Woodside Petroleum, has been determined to change that. Over the last few months, the company has ditched the green targets and refocused its energy on the traditional oil industry. It is paying off in spectacular style. Today, it announced profits of $3.8 billion (£2.8 billion) for January to March, compared with $687 million (£509 million) for the same period last year. The company’s ‘underlying profits’ have, meanwhile, more than doubled.  Sure, BP has been helped by the huge rise in the oil price since the Iran war started in March. A volatile market has also boosted its huge trading unit. Even so, it is surely a vindication of BP’s decision to return to its roots and certain to embolden O’Neill to double down on her plans to turn the business around. Shell, meanwhile, has been moving in the same direction, with the announcement yesterday that it was buying the Canadian shale oil and gas company ARC Resources for $16 billion (£12 billion). This is a reversal of its decision to get out of fracking (heck, who knows, perhaps it will be allowed to develop shale reserves in Britain one day). Matthew Lynn is a financial columnist and author of ‘Bust: Greece, The Euro and The Sovereign Debt Crisis’ and ‘The Long Depression: The Slump of 2008 to 2031’ TOPICS IN THIS ARTICLE TRENDING ALSO IN ECONOMY ALSO BY MATTHEW LYNN LATEST","energy giant bp’s change direction over last year summed up single phrase, ‘back petroleum’. cut investments wind solar power, scaled back targets renewables, brought new management more familiar rigs pipelines than climate change conferences. today see first results efforts huge increase profits company. bp’s strategy, seems, paying off. quarter century ago, under former ceo lord browne, bp snappily rebranded itself ‘beyond petroleum’. seemed smart enough move time. worries about climate change rising, oil gas running out, conglomerate aimed transform itself into giant renewable energy industry. trouble is, didn’t work out very well. instead smoothly transitioning alternatives while steadily running down reliance fossil fuels, bp found far harder make money wind solar farms than drilling black gold far-flung corners world. profits drifted, fell behind rivals, went through series chief executives, corporate raiders started buying up shares demanding change. city, there constant rumpus humiliating takeover offer historic rival shell. bp’s new ceo meg o’neill, veteran exxonmobil australia’s woodside petroleum, determined change that. over last few months, company ditched green targets refocused energy traditional oil industry. paying off spectacular style. today, announced profits $3.8 billion (£2.8 billion) january march, compared $687 million (£509 million) same period last year. company’s ‘underlying profits’ have, meanwhile, more than doubled. sure, bp helped huge rise oil price since iran war started march. volatile market also boosted huge trading unit. even so, surely vindication bp’s decision return roots certain embolden o’neill double down plans turn business around. shell, meanwhile, moving same direction, announcement yesterday buying canadian shale oil gas company arc resources $16 billion (£12 billion). reversal decision get out fracking (heck, who knows, perhaps allowed develop shale reserves britain one day). matthew lynn financial columnist author ‘bust: greece, euro sovereign debt crisis’ ‘the long depression: slump 2008 2031’ topics article trending also economy also matthew lynn latest","energy giant bp’s change direction over last year summed up single phrase, ‘back petroleum’. cut investments wind solar power, scaled back targets renewables, brought new management more familiar rigs pipelines than climate change conferences. today see first results efforts huge increase profits company. bp’s strategy, seems, paying off. quarter century ago, under former ceo lord browne, bp snappily rebranded itself ‘beyond petroleum’. seemed smart enough move time. worries about climate change rising, oil gas running out, conglomerate aimed transform itself into giant renewable energy industry. trouble is, didn’t work out very well. instead smoothly transitioning alternatives while steadily running down reliance fossil fuels, bp found far harder make money wind solar farms than drilling black gold far-flung corners world. profits drifted, fell behind rivals, went through series chief executives, corporate raiders started buying up shares demanding change. city, there constant rumpus humiliating takeover offer historic rival shell. bp’s new ceo meg o’neill, veteran exxonmobil australia’s woodside petroleum, determined change that. over last few months, company ditched green targets refocused energy traditional oil industry. paying off spectacular style. today, announced profits $3.8 billion (£2.8 billion) january march, compared $687 million (£509 million) same period last year. company’s ‘underlying profits’ have, meanwhile, more than doubled. sure, bp helped huge rise oil price since iran war started march. volatile market also boosted huge trading unit. even so, surely vindication bp’s decision return roots certain embolden o’neill double down plans turn business around. shell, meanwhile, moving same direction, announcement yesterday buying canadian shale oil gas company arc resources $16 billion (£12 billion). reversal decision get out fracking (heck, who knows, perhaps allowed develop shale reserves britain one day). matthew lynn financial columnist author ‘bust: greece, euro sovereign debt crisis’ ‘the long depression: slump 2008 2031’ topics article trending also economy also matthew lynn latest",False,"energy giant bp’s change direction year summed single phrase, ‘back petroleum’. investments wind solar power, scaled targets renewables, brought management familiar rigs pipelines climate change conferences. today results efforts huge increase profits company. bp’s strategy, seems, paying off. quarter century ago, former lord browne, snappily rebranded itself ‘beyond petroleum’. seemed smart enough move time. worries climate change rising, running out, conglomerate aimed transform itself giant renewable energy industry. trouble didn’t well. smoothly transitioning alternatives steadily running reliance fossil fuels, harder money wind solar farms drilling black gold far-flung corners world. profits drifted, fell behind rivals, went series chief executives, corporate raiders started buying shares demanding change. city, constant rumpus humiliating takeover offer historic rival shell. bp’s o’neill, veteran exxonmobil australia’s woodside petroleum, determined change that. months, company ditched green targets refocused energy traditional industry. paying spectacular style. today, announced profits $3.8 billion (£2.8 billion) january march, compared $687 million (£509 million) period year. company’s ‘underlying profits’ have, meanwhile, doubled. sure, helped huge rise price iran started march. volatile market boosted huge trading unit. surely vindication bp’s decision return roots certain embolden o’neill double plans turn business around. shell, meanwhile, moving direction, announcement yesterday buying canadian shale company resources billion (£12 billion). reversal decision fracking (heck, knows, perhaps allowed develop shale reserves britain day). matthew lynn financial columnist author ‘bust: greece, euro sovereign debt crisis’ ‘the long depression: slump 2008 2031’ topics article trending economy matthew lynn latest",0,British / Petrolium / British Petrolium,0.4119863091432003
